title,audio,answer,score,penalty,category,note
这是羊宫妃那吗？,https://aydqlrccitbabmsljajr.supabase.co/storage/v1/object/public/quiz-audio/1788890472057-ccr_1_.mp3,yes,3,-2,羊宫妃那,第一题备注（可留空）
这是羊宫妃那吗？,https://aydqlrccitbabmsljajr.supabase.co/storage/v1/object/public/quiz-audio/1788890813495-fgo.mp3,yes,3,-2,羊宫妃那,
这是羊宫妃那吗？,https://aydqlrccitbabmsljajr.supabase.co/storage/v1/object/public/quiz-audio/1788890850347-mono.mp3,yes,3,-2,羊宫妃那,
这是羊宫妃那吗？,https://aydqlrccitbabmsljajr.supabase.co/storage/v1/object/public/quiz-audio/1788890862517-mygo_1_.mp3,yes,3,-2,羊宫妃那,
这是羊宫妃那吗？,https://aydqlrccitbabmsljajr.supabase.co/storage/v1/object/public/quiz-audio/1788890872111-uuz.mp3,yes,3,-2,羊宫妃那,
这是羊宫妃那吗？,https://aydqlrccitbabmsljajr.supabase.co/storage/v1/object/public/quiz-audio/1788890886710-___.mp3,yes,3,-2,羊宫妃那,
这是羊宫妃那吗？,https://aydqlrccitbabmsljajr.supabase.co/storage/v1/object/public/quiz-audio/1788890915683-__asmr.mp3,yes,3,-2,羊宫妃那,
这是羊宫妃那吗？,https://aydqlrccitbabmsljajr.supabase.co/storage/v1/object/public/quiz-audio/1788890928768-_____.mp3,yes,3,-2,羊宫妃那,
这是羊宫妃那吗？,https://aydqlrccitbabmsljajr.supabase.co/storage/v1/object/public/quiz-audio/1788890936084-___1_.mp3,yes,3,-2,羊宫妃那,
这是羊宫妃那吗？,https://aydqlrccitbabmsljajr.supabase.co/storage/v1/object/public/quiz-audio/1788890957797-_____1_.mp3,yes,3,-2,羊宫妃那,
这是羊宫妃那吗？,https://aydqlrccitbabmsljajr.supabase.co/storage/v1/object/public/quiz-audio/1788890974927-__.mp3,yes,3,-2,羊宫妃那,
这是羊宫妃那吗？,https://aydqlrccitbabmsljajr.supabase.co/storage/v1/object/public/quiz-audio/1788890987800-________.mp3,yes,3,-2,羊宫妃那,
这是羊宫妃那吗？,https://aydqlrccitbabmsljajr.supabase.co/storage/v1/object/public/quiz-audio/1788890997839-___.mp3,yes,3,-2,羊宫妃那,
这是羊宫妃那吗？,https://aydqlrccitbabmsljajr.supabase.co/storage/v1/object/public/quiz-audio/1788891013940-_q.mp3,yes,3,-2,羊宫妃那,
这是羊宫妃那吗？,https://aydqlrccitbabmsljajr.supabase.co/storage/v1/object/public/quiz-audio/1788891022388-____.mp3,yes,3,-2,羊宫妃那,
这是羊宫妃那吗？,https://aydqlrccitbabmsljajr.supabase.co/storage/v1/object/public/quiz-audio/1788891032144-___.mp3,yes,3,-2,羊宫妃那,
这是羊宫妃那吗？,https://aydqlrccitbabmsljajr.supabase.co/storage/v1/object/public/quiz-audio/1788891041377-___1_.mp3,yes,3,-2,羊宫妃那,
这是羊宫妃那吗？,https://aydqlrccitbabmsljajr.supabase.co/storage/v1/object/public/quiz-audio/1788891049005-_____.mp3,yes,3,-2,羊宫妃那,
这是羊宫妃那吗？,https://aydqlrccitbabmsljajr.supabase.co/storage/v1/object/public/quiz-audio/1788891057118-__.mp3,yes,3,-2,羊宫妃那,
这是羊宫妃那吗？,https://aydqlrccitbabmsljajr.supabase.co/storage/v1/object/public/quiz-audio/1788891064835-_____.mp3,yes,3,-2,羊宫妃那,
